SessionId;AppVmId;ReadableStartTime; StartTime;FinishTime;  IdealEnd;     Delay;Complete
        3;      2;    0:  0:  0:  5;      5.00;    355.08;    365.00;      0.00;    true
        4;      2;    0:  0:  0:  5;      5.00;    355.08;    365.00;      0.00;    true
        5;      2;    0:  0:  0:  5;      5.00;    355.08;    365.00;      0.00;    true
        6;      2;    0:  0:  0:  5;      5.00;    355.08;    365.00;      0.00;    true
        7;      2;    0:  0:  0:  5;      5.00;    355.08;    365.00;      0.00;    true
        8;      2;    0:  0:  0:  5;      5.00;    355.08;    365.00;      0.00;    true
        9;      2;    0:  0:  0:  5;      5.00;    355.08;    365.00;      0.00;    true
       10;      2;    0:  0:  0:  5;      5.00;    355.08;    365.00;      0.00;    true
       11;      2;    0:  0:  0:  5;      5.00;    355.08;    365.00;      0.00;    true
       12;      2;    0:  0:  0:  5;      5.00;    355.08;    365.00;      0.00;    true
       13;      2;    0:  0:  0:  5;      5.00;    355.08;    365.00;      0.00;    true
       14;      2;    0:  0:  0:  5;      5.00;    355.08;    365.00;      0.00;    true
       15;      2;    0:  0:  0:  5;      5.00;    355.08;    365.00;      0.00;    true
       16;      2;    0:  0:  0:  5;      5.00;    355.08;    365.00;      0.00;    true
       17;      2;    0:  0:  0:  5;      5.00;    355.08;    365.00;      0.00;    true
       18;      2;    0:  0:  0:  5;      5.00;    355.08;    365.00;      0.00;    true
       19;      2;    0:  0:  0:  5;      5.00;    355.08;    365.00;      0.00;    true
       20;      2;    0:  0:  0:  5;      5.00;    355.08;    365.00;      0.00;    true
       21;      2;    0:  0:  0:  5;      5.00;    355.08;    365.00;      0.00;    true
       22;      2;    0:  0:  0:  5;      5.00;    355.08;    365.00;      0.00;    true
       23;      2;    0:  0:  0:  5;      5.00;    355.08;    365.00;      0.00;    true
       24;      2;    0:  0:  0:  5;      5.00;    355.08;    365.00;      0.00;    true
       25;      2;    0:  0:  0:  5;      5.00;    355.08;    365.00;      0.00;    true
       26;      2;    0:  0:  0:  5;      5.00;    355.08;    365.00;      0.00;    true
       27;      2;    0:  0:  0:  5;      5.00;    355.08;    365.00;      0.00;    true
       28;      2;    0:  0:  0:  5;      5.00;    355.08;    365.00;      0.00;    true
       29;      2;    0:  0:  0:  5;      5.00;    355.08;    365.00;      0.00;    true
       30;      2;    0:  0:  0:  5;      5.00;    355.08;    365.00;      0.00;    true
       31;      2;    0:  0:  0:  5;      5.00;    355.08;    365.00;      0.00;    true
       32;      2;    0:  0:  0:  5;      5.00;    355.08;    365.00;      0.00;    true
       33;      2;    0:  0:  0:  5;      5.00;    355.08;    365.00;      0.00;    true
       34;      2;    0:  0:  0:  5;      5.00;    355.08;    365.00;      0.00;    true
       35;      2;    0:  0:  0:  5;      5.00;    355.08;    365.00;      0.00;    true
       36;      2;    0:  0:  0:  5;      5.00;    355.08;    365.00;      0.00;    true
       37;      2;    0:  0:  0:  5;      5.00;    355.08;    365.00;      0.00;    true
       38;      2;    0:  0:  0:  5;      5.00;    355.08;    365.00;      0.00;    true
       39;      2;    0:  0:  0:  5;      5.00;    355.08;    365.00;      0.00;    true
       40;      2;    0:  0:  0:  5;      5.00;    355.08;    365.00;      0.00;    true
       41;      2;    0:  0:  0:  5;      5.00;    355.08;    365.00;      0.00;    true
       42;      2;    0:  0:  0:  5;      5.00;    355.08;    365.00;      0.00;    true
       43;      2;    0:  0:  0:  5;      5.00;    355.08;    365.00;      0.00;    true
       44;      2;    0:  0:  0:  5;      5.00;    355.08;    365.00;      0.00;    true
       45;      2;    0:  0:  0:  5;      5.00;    355.08;    365.00;      0.00;    true
       46;      2;    0:  0:  0:  5;      5.00;    355.08;    365.00;      0.00;    true
       47;      2;    0:  0:  0:  5;      5.00;    355.08;    365.00;      0.00;    true
       48;      2;    0:  0:  0:  5;      5.00;    355.08;    365.00;      0.00;    true
       49;      2;    0:  0:  0:  5;      5.00;    355.08;    365.00;      0.00;    true
       50;      2;    0:  0:  0:  5;      5.00;    355.08;    365.00;      0.00;    true
       51;      2;    0:  0:  0:  5;      5.00;    355.08;    365.00;      0.00;    true
       52;      2;    0:  0:  0:  5;      5.00;    355.08;    365.00;      0.00;    true
       53;      2;    0:  0:  0:  5;      5.00;    355.08;    365.00;      0.00;    true
       54;      2;    0:  0:  0:  5;      5.00;    355.08;    365.00;      0.00;    true
       55;      2;    0:  0:  0:  5;      5.00;    355.08;    365.00;      0.00;    true
       56;      2;    0:  0:  0:  5;      5.00;    355.08;    365.00;      0.00;    true
       57;      2;    0:  0:  0:  5;      5.00;    355.08;    365.00;      0.00;    true
       58;      2;    0:  0:  0:  5;      5.00;    355.08;    365.00;      0.00;    true
       59;      2;    0:  0:  0:  5;      5.00;    355.08;    365.00;      0.00;    true
       60;      2;    0:  0:  0:  5;      5.00;    355.08;    365.00;      0.00;    true
       61;      2;    0:  0:  0:  5;      5.00;    355.08;    365.00;      0.00;    true
       62;      2;    0:  0:  0:  5;      5.00;    355.08;    365.00;      0.00;    true
       63;      2;    0:  0:  0:  5;      5.00;    355.08;    365.00;      0.00;    true
       64;      2;    0:  0:  0:  5;      5.00;    355.08;    365.00;      0.00;    true
       65;      2;    0:  0:  0:  5;      5.00;    355.08;    365.00;      0.00;    true
       66;      2;    0:  0:  0:  5;      5.00;    355.08;    365.00;      0.00;    true
       67;      2;    0:  0:  0:  5;      5.00;    355.08;    365.00;      0.00;    true
       68;      2;    0:  0:  0:  5;      5.00;    355.08;    365.00;      0.00;    true
       69;      2;    0:  0:  0:  5;      5.00;    355.08;    365.00;      0.00;    true
       70;      2;    0:  0:  0:  5;      5.00;    355.08;    365.00;      0.00;    true
       71;      2;    0:  0:  0:  5;      5.00;    355.08;    365.00;      0.00;    true
       72;      2;    0:  0:  0:  5;      5.00;    355.08;    365.00;      0.00;    true
       73;      2;    0:  0:  0:  5;      5.00;    355.08;    365.00;      0.00;    true
       74;      2;    0:  0:  0:  5;      5.00;    355.08;    365.00;      0.00;    true
       75;      2;    0:  0:  0:  5;      5.00;    355.08;    365.00;      0.00;    true
       76;      2;    0:  0:  0:  5;      5.00;    355.08;    365.00;      0.00;    true
       77;      2;    0:  0:  0:  5;      5.00;    355.08;    365.00;      0.00;    true
       78;      2;    0:  0:  0:  5;      5.00;    355.08;    365.00;      0.00;    true
       79;      2;    0:  0:  0:  5;      5.00;    355.08;    365.00;      0.00;    true
       80;      2;    0:  0:  0:  5;      5.00;    355.08;    365.00;      0.00;    true
       81;      2;    0:  0:  0:  5;      5.00;    355.08;    365.00;      0.00;    true
       82;      2;    0:  0:  0:  5;      5.00;    355.08;    365.00;      0.00;    true
       83;      2;    0:  0:  0:  5;      5.00;    355.08;    365.00;      0.00;    true
       84;      2;    0:  0:  0:  5;      5.00;    355.08;    365.00;      0.00;    true
       85;      2;    0:  0:  0:  5;      5.00;    355.08;    365.00;      0.00;    true
       86;      2;    0:  0:  0:  5;      5.00;    355.08;    365.00;      0.00;    true
       87;      2;    0:  0:  0:  5;      5.00;    355.08;    365.00;      0.00;    true
       88;      2;    0:  0:  0:  5;      5.00;    355.08;    365.00;      0.00;    true
       89;      2;    0:  0:  0:  5;      5.00;    355.08;    365.00;      0.00;    true
       90;      2;    0:  0:  0:  5;      5.00;    355.08;    365.00;      0.00;    true
       91;      2;    0:  0:  0:  5;      5.00;    355.08;    365.00;      0.00;    true
       92;      2;    0:  0:  0:  5;      5.00;    355.08;    365.00;      0.00;    true
       93;      2;    0:  0:  0:  5;      5.00;    355.08;    365.00;      0.00;    true
       94;      2;    0:  0:  0:  5;      5.00;    355.08;    365.00;      0.00;    true
       95;      2;    0:  0:  0:  5;      5.00;    355.08;    365.00;      0.00;    true
       96;      2;    0:  0:  0:  5;      5.00;    355.08;    365.00;      0.00;    true
       97;      2;    0:  0:  0:  5;      5.00;    355.08;    365.00;      0.00;    true
       98;      2;    0:  0:  0:  5;      5.00;    355.08;    365.00;      0.00;    true
       99;      2;    0:  0:  0:  5;      5.00;    355.08;    365.00;      0.00;    true
      100;      2;    0:  0:  0:  5;      5.00;    355.08;    365.00;      0.00;    true
      101;      2;    0:  0:  0:  5;      5.00;    355.08;    365.00;      0.00;    true
      102;      2;    0:  0:  0:  5;      5.00;    355.08;    365.00;      0.00;    true
