      0.00	INFO	SessionId;AppVmId;ReadableStartTime; StartTime;FinishTime;  IdealEnd;     Delay;Complete
      0.00	INFO	        3;      2;    0:  0:  0:  5;      5.00;   3318.06;    205.00;   3113.06;    true
      0.00	INFO	        4;      2;    0:  0:  0:  5;      5.00;   3318.06;    205.00;   3113.06;    true
      0.00	INFO	        5;      2;    0:  0:  0:  5;      5.00;   3318.06;    205.00;   3113.06;    true
      0.00	INFO	        6;      2;    0:  0:  0:  5;      5.00;   3318.06;    205.00;   3113.06;    true
      0.00	INFO	        7;      2;    0:  0:  0:  5;      5.00;   3318.06;    205.00;   3113.06;    true
      0.00	INFO	        8;      2;    0:  0:  0:  5;      5.00;   3318.06;    205.00;   3113.06;    true
      0.00	INFO	        9;      2;    0:  0:  0:  5;      5.00;   3318.06;    205.00;   3113.06;    true
      0.00	INFO	       10;      2;    0:  0:  0:  5;      5.00;   3318.06;    205.00;   3113.06;    true
      0.00	INFO	       11;      2;    0:  0:  0:  5;      5.00;   3318.06;    205.00;   3113.06;    true
      0.00	INFO	       12;      2;    0:  0:  0:  5;      5.00;   3318.06;    205.00;   3113.06;    true
      0.00	INFO	       13;      2;    0:  0:  0:  5;      5.00;   3318.06;    205.00;   3113.06;    true
      0.00	INFO	       14;      2;    0:  0:  0:  5;      5.00;   3318.06;    205.00;   3113.06;    true
      0.00	INFO	       15;      2;    0:  0:  0:  5;      5.00;   3318.06;    205.00;   3113.06;    true
      0.00	INFO	       16;      2;    0:  0:  0:  5;      5.00;   3318.06;    205.00;   3113.06;    true
      0.00	INFO	       17;      2;    0:  0:  0:  5;      5.00;   3318.06;    205.00;   3113.06;    true
      0.00	INFO	       18;      2;    0:  0:  0:  5;      5.00;   3318.06;    205.00;   3113.06;    true
      0.00	INFO	       19;      2;    0:  0:  0:  5;      5.00;   3318.06;    205.00;   3113.06;    true
      0.00	INFO	       20;      2;    0:  0:  0:  5;      5.00;   3318.06;    205.00;   3113.06;    true
      0.00	INFO	       21;      2;    0:  0:  0:  5;      5.00;   3318.06;    205.00;   3113.06;    true
      0.00	INFO	       22;      2;    0:  0:  0:  5;      5.00;   3318.06;    205.00;   3113.06;    true
      0.00	INFO	       23;      2;    0:  0:  0:  5;      5.00;   3318.06;    205.00;   3113.06;    true
      0.00	INFO	       24;      2;    0:  0:  0:  5;      5.00;   3318.06;    205.00;   3113.06;    true
      0.00	INFO	       25;      2;    0:  0:  0:  5;      5.00;   3318.06;    205.00;   3113.06;    true
      0.00	INFO	       26;      2;    0:  0:  0:  5;      5.00;   3318.06;    205.00;   3113.06;    true
      0.00	INFO	       27;      2;    0:  0:  0:  5;      5.00;   3318.06;    205.00;   3113.06;    true
      0.00	INFO	       28;      2;    0:  0:  0:  5;      5.00;   3318.06;    205.00;   3113.06;    true
      0.00	INFO	       29;      2;    0:  0:  0:  5;      5.00;   3318.06;    205.00;   3113.06;    true
      0.00	INFO	       30;      2;    0:  0:  0:  5;      5.00;   3318.06;    205.00;   3113.06;    true
      0.00	INFO	       31;      2;    0:  0:  0:  5;      5.00;   3318.06;    205.00;   3113.06;    true
      0.00	INFO	       32;      2;    0:  0:  0:  5;      5.00;   3318.06;    205.00;   3113.06;    true
      0.00	INFO	       33;      2;    0:  0:  0:  5;      5.00;   3318.06;    205.00;   3113.06;    true
      0.00	INFO	       34;      2;    0:  0:  0:  5;      5.00;   3318.06;    205.00;   3113.06;    true
      0.00	INFO	       35;      2;    0:  0:  0:  5;      5.00;   3318.06;    205.00;   3113.06;    true
      0.00	INFO	       36;      2;    0:  0:  0:  5;      5.00;   3318.06;    205.00;   3113.06;    true
      0.00	INFO	       37;      2;    0:  0:  0:  5;      5.00;   3318.06;    205.00;   3113.06;    true
      0.00	INFO	       38;      2;    0:  0:  0:  5;      5.00;   3318.06;    205.00;   3113.06;    true
      0.00	INFO	       39;      2;    0:  0:  0:  5;      5.00;   3318.06;    205.00;   3113.06;    true
      0.00	INFO	       40;      2;    0:  0:  0:  5;      5.00;   3318.06;    205.00;   3113.06;    true
      0.00	INFO	       41;      2;    0:  0:  0:  5;      5.00;   3318.06;    205.00;   3113.06;    true
      0.00	INFO	       42;      2;    0:  0:  0:  5;      5.00;   3318.06;    205.00;   3113.06;    true
      0.00	INFO	       43;      2;    0:  0:  0:  5;      5.00;   3318.06;    205.00;   3113.06;    true
      0.00	INFO	       44;      2;    0:  0:  0:  5;      5.00;   3318.06;    205.00;   3113.06;    true
      0.00	INFO	       45;      2;    0:  0:  0:  5;      5.00;   3318.06;    205.00;   3113.06;    true
      0.00	INFO	       46;      2;    0:  0:  0:  5;      5.00;   3318.06;    205.00;   3113.06;    true
      0.00	INFO	       47;      2;    0:  0:  0:  5;      5.00;   3318.06;    205.00;   3113.06;    true
      0.00	INFO	       48;      2;    0:  0:  0:  5;      5.00;   3318.06;    205.00;   3113.06;    true
      0.00	INFO	       49;      2;    0:  0:  0:  5;      5.00;   3318.06;    205.00;   3113.06;    true
      0.00	INFO	       50;      2;    0:  0:  0:  5;      5.00;   3318.06;    205.00;   3113.06;    true
      0.00	INFO	       51;      2;    0:  0:  0:  5;      5.00;   3318.06;    205.00;   3113.06;    true
      0.00	INFO	       52;      2;    0:  0:  0:  5;      5.00;   3318.06;    205.00;   3113.06;    true
      0.00	INFO	       53;      2;    0:  0:  0:  5;      5.00;   3318.06;    205.00;   3113.06;    true
      0.00	INFO	       54;      2;    0:  0:  0:  5;      5.00;   3318.06;    205.00;   3113.06;    true
      0.00	INFO	       55;      2;    0:  0:  0:  5;      5.00;   3318.06;    205.00;   3113.06;    true
      0.00	INFO	       56;      2;    0:  0:  0:  5;      5.00;   3318.06;    205.00;   3113.06;    true
      0.00	INFO	       57;      2;    0:  0:  0:  5;      5.00;   3318.06;    205.00;   3113.06;    true
      0.00	INFO	       58;      2;    0:  0:  0:  5;      5.00;   3318.06;    205.00;   3113.06;    true
      0.00	INFO	       59;      2;    0:  0:  0:  5;      5.00;   3318.06;    205.00;   3113.06;    true
      0.00	INFO	       60;      2;    0:  0:  0:  5;      5.00;   3318.06;    205.00;   3113.06;    true
      0.00	INFO	       61;      2;    0:  0:  0:  5;      5.00;   3318.06;    205.00;   3113.06;    true
      0.00	INFO	       62;      2;    0:  0:  0:  5;      5.00;   3318.06;    205.00;   3113.06;    true
      0.00	INFO	       63;      2;    0:  0:  0:  5;      5.00;   3318.06;    205.00;   3113.06;    true
      0.00	INFO	       64;      2;    0:  0:  0:  5;      5.00;   3318.06;    205.00;   3113.06;    true
      0.00	INFO	       65;      2;    0:  0:  0:  5;      5.00;   3318.06;    205.00;   3113.06;    true
      0.00	INFO	       66;      2;    0:  0:  0:  5;      5.00;   3318.06;    205.00;   3113.06;    true
      0.00	INFO	       67;      2;    0:  0:  0:  5;      5.00;   3318.06;    205.00;   3113.06;    true
      0.00	INFO	       68;      2;    0:  0:  0:  5;      5.00;   3318.06;    205.00;   3113.06;    true
      0.00	INFO	       69;      2;    0:  0:  0:  5;      5.00;   3318.06;    205.00;   3113.06;    true
      0.00	INFO	       70;      2;    0:  0:  0:  5;      5.00;   3318.06;    205.00;   3113.06;    true
      0.00	INFO	       71;      2;    0:  0:  0:  5;      5.00;   3318.06;    205.00;   3113.06;    true
      0.00	INFO	       72;      2;    0:  0:  0:  5;      5.00;   3318.06;    205.00;   3113.06;    true
      0.00	INFO	       73;      2;    0:  0:  0:  5;      5.00;   3318.06;    205.00;   3113.06;    true
      0.00	INFO	       74;      2;    0:  0:  0:  5;      5.00;   3318.06;    205.00;   3113.06;    true
      0.00	INFO	       75;      2;    0:  0:  0:  5;      5.00;   3318.06;    205.00;   3113.06;    true
      0.00	INFO	       76;      2;    0:  0:  0:  5;      5.00;   3318.06;    205.00;   3113.06;    true
      0.00	INFO	       77;      2;    0:  0:  0:  5;      5.00;   3318.06;    205.00;   3113.06;    true
      0.00	INFO	       78;      2;    0:  0:  0:  5;      5.00;   3318.06;    205.00;   3113.06;    true
      0.00	INFO	       79;      2;    0:  0:  0:  5;      5.00;   3318.06;    205.00;   3113.06;    true
      0.00	INFO	       80;      2;    0:  0:  0:  5;      5.00;   3318.06;    205.00;   3113.06;    true
      0.00	INFO	       81;      2;    0:  0:  0:  5;      5.00;   3318.06;    205.00;   3113.06;    true
      0.00	INFO	       82;      2;    0:  0:  0:  5;      5.00;   3318.06;    205.00;   3113.06;    true
      0.00	INFO	       83;      2;    0:  0:  0:  5;      5.00;   3318.06;    205.00;   3113.06;    true
      0.00	INFO	       84;      2;    0:  0:  0:  5;      5.00;   3318.06;    205.00;   3113.06;    true
      0.00	INFO	       85;      2;    0:  0:  0:  5;      5.00;   3318.06;    205.00;   3113.06;    true
      0.00	INFO	       86;      2;    0:  0:  0:  5;      5.00;   3318.06;    205.00;   3113.06;    true
      0.00	INFO	       87;      2;    0:  0:  0:  5;      5.00;   3318.06;    205.00;   3113.06;    true
      0.00	INFO	       88;      2;    0:  0:  0:  5;      5.00;   3318.06;    205.00;   3113.06;    true
      0.00	INFO	       89;      2;    0:  0:  0:  5;      5.00;   3318.06;    205.00;   3113.06;    true
      0.00	INFO	       90;      2;    0:  0:  0:  5;      5.00;   3318.06;    205.00;   3113.06;    true
      0.00	INFO	       91;      2;    0:  0:  0:  5;      5.00;   3318.06;    205.00;   3113.06;    true
      0.00	INFO	       92;      2;    0:  0:  0:  5;      5.00;   3318.06;    205.00;   3113.06;    true
      0.00	INFO	       93;      2;    0:  0:  0:  5;      5.00;   3318.06;    205.00;   3113.06;    true
      0.00	INFO	       94;      2;    0:  0:  0:  5;      5.00;   3318.06;    205.00;   3113.06;    true
      0.00	INFO	       95;      2;    0:  0:  0:  5;      5.00;   3318.06;    205.00;   3113.06;    true
      0.00	INFO	       96;      2;    0:  0:  0:  5;      5.00;   3318.06;    205.00;   3113.06;    true
      0.00	INFO	       97;      2;    0:  0:  0:  5;      5.00;   3318.06;    205.00;   3113.06;    true
      0.00	INFO	       98;      2;    0:  0:  0:  5;      5.00;   3318.06;    205.00;   3113.06;    true
      0.00	INFO	       99;      2;    0:  0:  0:  5;      5.00;   3318.06;    205.00;   3113.06;    true
      0.00	INFO	      100;      2;    0:  0:  0:  5;      5.00;   3318.06;    205.00;   3113.06;    true
      0.00	INFO	      101;      2;    0:  0:  0:  5;      5.00;   3318.06;    205.00;   3113.06;    true
      0.00	INFO	      102;      2;    0:  0:  0:  5;      5.00;   3318.06;    205.00;   3113.06;    true
      0.00	INFO	      103;      2;    0:  0:  0:  5;      5.00;   3318.06;    205.00;   3113.06;    true
      0.00	INFO	      104;      2;    0:  0:  0:  5;      5.00;   3318.06;    205.00;   3113.06;    true
      0.00	INFO	      105;      2;    0:  0:  0:  5;      5.00;   3318.06;    205.00;   3113.06;    true
      0.00	INFO	      106;      2;    0:  0:  0:  5;      5.00;   3318.06;    205.00;   3113.06;    true
      0.00	INFO	      107;      2;    0:  0:  0:  5;      5.00;   3318.06;    205.00;   3113.06;    true
      0.00	INFO	      108;      2;    0:  0:  0:  5;      5.00;   3318.06;    205.00;   3113.06;    true
      0.00	INFO	      109;      2;    0:  0:  0:  5;      5.00;   3318.06;    205.00;   3113.06;    true
      0.00	INFO	      110;      2;    0:  0:  0:  5;      5.00;   3318.06;    205.00;   3113.06;    true
      0.00	INFO	      111;      2;    0:  0:  0:  5;      5.00;   3318.06;    205.00;   3113.06;    true
      0.00	INFO	      112;      2;    0:  0:  0:  5;      5.00;   3318.06;    205.00;   3113.06;    true
      0.00	INFO	      113;      2;    0:  0:  0:  5;      5.00;   3318.06;    205.00;   3113.06;    true
      0.00	INFO	      114;      2;    0:  0:  0:  5;      5.00;   3318.06;    205.00;   3113.06;    true
      0.00	INFO	      115;      2;    0:  0:  0:  5;      5.00;   3318.06;    205.00;   3113.06;    true
      0.00	INFO	      116;      2;    0:  0:  0:  5;      5.00;   3318.06;    205.00;   3113.06;    true
      0.00	INFO	      117;      2;    0:  0:  0:  5;      5.00;   3318.06;    205.00;   3113.06;    true
      0.00	INFO	      118;      2;    0:  0:  0:  5;      5.00;   3318.06;    205.00;   3113.06;    true
      0.00	INFO	      119;      2;    0:  0:  0:  5;      5.00;   3318.06;    205.00;   3113.06;    true
      0.00	INFO	      120;      2;    0:  0:  0:  5;      5.00;   3318.06;    205.00;   3113.06;    true
      0.00	INFO	      121;      2;    0:  0:  0:  5;      5.00;   3318.06;    205.00;   3113.06;    true
      0.00	INFO	      122;      2;    0:  0:  0:  5;      5.00;   3318.06;    205.00;   3113.06;    true
      0.00	INFO	      123;      2;    0:  0:  0:  5;      5.00;   3318.06;    205.00;   3113.06;    true
      0.00	INFO	      124;      2;    0:  0:  0:  5;      5.00;   3318.06;    205.00;   3113.06;    true
      0.00	INFO	      125;      2;    0:  0:  0:  5;      5.00;   3318.06;    205.00;   3113.06;    true
      0.00	INFO	      126;      2;    0:  0:  0:  5;      5.00;   3318.06;    205.00;   3113.06;    true
      0.00	INFO	      127;      2;    0:  0:  0:  5;      5.00;   3318.06;    205.00;   3113.06;    true
      0.00	INFO	      128;      2;    0:  0:  0:  5;      5.00;   3318.06;    205.00;   3113.06;    true
      0.00	INFO	      129;      2;    0:  0:  0:  5;      5.00;   3318.06;    205.00;   3113.06;    true
      0.00	INFO	      130;      2;    0:  0:  0:  5;      5.00;   3318.06;    205.00;   3113.06;    true
      0.00	INFO	      131;      2;    0:  0:  0:  5;      5.00;   3318.06;    205.00;   3113.06;    true
      0.00	INFO	      132;      2;    0:  0:  0:  5;      5.00;   3318.06;    205.00;   3113.06;    true
      0.00	INFO	      133;      2;    0:  0:  0:  5;      5.00;   3318.06;    205.00;   3113.06;    true
      0.00	INFO	      134;      2;    0:  0:  0:  5;      5.00;   3318.06;    205.00;   3113.06;    true
      0.00	INFO	      135;      2;    0:  0:  0:  5;      5.00;   3318.06;    205.00;   3113.06;    true
      0.00	INFO	      136;      2;    0:  0:  0:  5;      5.00;   3318.06;    205.00;   3113.06;    true
      0.00	INFO	      137;      2;    0:  0:  0:  5;      5.00;   3318.06;    205.00;   3113.06;    true
      0.00	INFO	      138;      2;    0:  0:  0:  5;      5.00;   3318.06;    205.00;   3113.06;    true
      0.00	INFO	      139;      2;    0:  0:  0:  5;      5.00;   3318.06;    205.00;   3113.06;    true
      0.00	INFO	      140;      2;    0:  0:  0:  5;      5.00;   3318.06;    205.00;   3113.06;    true
      0.00	INFO	      141;      2;    0:  0:  0:  5;      5.00;   3318.06;    205.00;   3113.06;    true
      0.00	INFO	      142;      2;    0:  0:  0:  5;      5.00;   3318.06;    205.00;   3113.06;    true
      0.00	INFO	      143;      2;    0:  0:  0:  5;      5.00;   3318.06;    205.00;   3113.06;    true
      0.00	INFO	      144;      2;    0:  0:  0:  5;      5.00;   3318.06;    205.00;   3113.06;    true
      0.00	INFO	      145;      2;    0:  0:  0:  5;      5.00;   3318.06;    205.00;   3113.06;    true
      0.00	INFO	      146;      2;    0:  0:  0:  5;      5.00;   3318.06;    205.00;   3113.06;    true
      0.00	INFO	      147;      2;    0:  0:  0:  5;      5.00;   3318.06;    205.00;   3113.06;    true
      0.00	INFO	      148;      2;    0:  0:  0:  5;      5.00;   3318.06;    205.00;   3113.06;    true
      0.00	INFO	      149;      2;    0:  0:  0:  5;      5.00;   3318.06;    205.00;   3113.06;    true
      0.00	INFO	      150;      2;    0:  0:  0:  5;      5.00;   3318.06;    205.00;   3113.06;    true
      0.00	INFO	      151;      2;    0:  0:  0:  5;      5.00;   3318.06;    205.00;   3113.06;    true
      0.00	INFO	      152;      2;    0:  0:  0:  5;      5.00;   3318.06;    205.00;   3113.06;    true
      0.00	INFO	      153;      2;    0:  0:  0:  5;      5.00;   3318.06;    205.00;   3113.06;    true
      0.00	INFO	      154;      2;    0:  0:  0:  5;      5.00;   3318.06;    205.00;   3113.06;    true
      0.00	INFO	      155;      2;    0:  0:  0:  5;      5.00;   3318.06;    205.00;   3113.06;    true
      0.00	INFO	      156;      2;    0:  0:  0:  5;      5.00;   3318.06;    205.00;   3113.06;    true
      0.00	INFO	      157;      2;    0:  0:  0:  5;      5.00;   3318.06;    205.00;   3113.06;    true
      0.00	INFO	      158;      2;    0:  0:  0:  5;      5.00;   3318.06;    205.00;   3113.06;    true
      0.00	INFO	      159;      2;    0:  0:  0:  5;      5.00;   3318.06;    205.00;   3113.06;    true
      0.00	INFO	      160;      2;    0:  0:  0:  5;      5.00;   3318.06;    205.00;   3113.06;    true
      0.00	INFO	      161;      2;    0:  0:  0:  5;      5.00;   3318.06;    205.00;   3113.06;    true
      0.00	INFO	      162;      2;    0:  0:  0:  5;      5.00;   3318.06;    205.00;   3113.06;    true
      0.00	INFO	      163;      2;    0:  0:  0:  5;      5.00;   3318.06;    205.00;   3113.06;    true
      0.00	INFO	      164;      2;    0:  0:  0:  5;      5.00;   3318.06;    205.00;   3113.06;    true
      0.00	INFO	      165;      2;    0:  0:  0:  5;      5.00;   3318.06;    205.00;   3113.06;    true
      0.00	INFO	      166;      2;    0:  0:  0:  5;      5.00;   3318.06;    205.00;   3113.06;    true
      0.00	INFO	      167;      2;    0:  0:  0:  5;      5.00;   3318.06;    205.00;   3113.06;    true
      0.00	INFO	      168;      2;    0:  0:  0:  5;      5.00;   3318.06;    205.00;   3113.06;    true
      0.00	INFO	      169;      2;    0:  0:  0:  5;      5.00;   3318.06;    205.00;   3113.06;    true
      0.00	INFO	      170;      2;    0:  0:  0:  5;      5.00;   3318.06;    205.00;   3113.06;    true
      0.00	INFO	      171;      2;    0:  0:  0:  5;      5.00;   3318.06;    205.00;   3113.06;    true
      0.00	INFO	      172;      2;    0:  0:  0:  5;      5.00;   3318.06;    205.00;   3113.06;    true
      0.00	INFO	      173;      2;    0:  0:  0:  5;      5.00;   3318.06;    205.00;   3113.06;    true
      0.00	INFO	      174;      2;    0:  0:  0:  5;      5.00;   3318.06;    205.00;   3113.06;    true
      0.00	INFO	      175;      2;    0:  0:  0:  5;      5.00;   3318.06;    205.00;   3113.06;    true
      0.00	INFO	      176;      2;    0:  0:  0:  5;      5.00;   3318.06;    205.00;   3113.06;    true
      0.00	INFO	      177;      2;    0:  0:  0:  5;      5.00;   3318.06;    205.00;   3113.06;    true
      0.00	INFO	      178;      2;    0:  0:  0:  5;      5.00;   3318.06;    205.00;   3113.06;    true
      0.00	INFO	      179;      2;    0:  0:  0:  5;      5.00;   3318.06;    205.00;   3113.06;    true
      0.00	INFO	      180;      2;    0:  0:  0:  5;      5.00;   3318.06;    205.00;   3113.06;    true
      0.00	INFO	      181;      2;    0:  0:  0:  5;      5.00;   3318.06;    205.00;   3113.06;    true
      0.00	INFO	      182;      2;    0:  0:  0:  5;      5.00;   3318.06;    205.00;   3113.06;    true
      0.00	INFO	      183;      2;    0:  0:  0:  5;      5.00;   3318.06;    205.00;   3113.06;    true
      0.00	INFO	      184;      2;    0:  0:  0:  5;      5.00;   3318.06;    205.00;   3113.06;    true
      0.00	INFO	      185;      2;    0:  0:  0:  5;      5.00;   3318.06;    205.00;   3113.06;    true
      0.00	INFO	      186;      2;    0:  0:  0:  5;      5.00;   3318.06;    205.00;   3113.06;    true
      0.00	INFO	      187;      2;    0:  0:  0:  5;      5.00;   3318.06;    205.00;   3113.06;    true
      0.00	INFO	      188;      2;    0:  0:  0:  5;      5.00;   3318.06;    205.00;   3113.06;    true
      0.00	INFO	      189;      2;    0:  0:  0:  5;      5.00;   3318.06;    205.00;   3113.06;    true
      0.00	INFO	      190;      2;    0:  0:  0:  5;      5.00;   3318.06;    205.00;   3113.06;    true
      0.00	INFO	      191;      2;    0:  0:  0:  5;      5.00;   3318.06;    205.00;   3113.06;    true
      0.00	INFO	      192;      2;    0:  0:  0:  5;      5.00;   3318.06;    205.00;   3113.06;    true
      0.00	INFO	      193;      2;    0:  0:  0:  5;      5.00;   3318.06;    205.00;   3113.06;    true
      0.00	INFO	      194;      2;    0:  0:  0:  5;      5.00;   3318.06;    205.00;   3113.06;    true
      0.00	INFO	      195;      2;    0:  0:  0:  5;      5.00;   3318.06;    205.00;   3113.06;    true
      0.00	INFO	      196;      2;    0:  0:  0:  5;      5.00;   3318.06;    205.00;   3113.06;    true
      0.00	INFO	      197;      2;    0:  0:  0:  5;      5.00;   3318.06;    205.00;   3113.06;    true
      0.00	INFO	      198;      2;    0:  0:  0:  5;      5.00;   3318.06;    205.00;   3113.06;    true
      0.00	INFO	      199;      2;    0:  0:  0:  5;      5.00;   3318.06;    205.00;   3113.06;    true
      0.00	INFO	      200;      2;    0:  0:  0:  5;      5.00;   3318.06;    205.00;   3113.06;    true
      0.00	INFO	      201;      2;    0:  0:  0:  5;      5.00;   3318.06;    205.00;   3113.06;    true
      0.00	INFO	      202;      2;    0:  0:  0:  5;      5.00;   3318.06;    205.00;   3113.06;    true
      0.00	INFO	      203;      2;    0:  0:  0:  5;      5.00;   3318.06;    205.00;   3113.06;    true
      0.00	INFO	      204;      2;    0:  0:  0:  5;      5.00;   3318.06;    205.00;   3113.06;    true
      0.00	INFO	      205;      2;    0:  0:  0:  5;      5.00;   3318.06;    205.00;   3113.06;    true
      0.00	INFO	      206;      2;    0:  0:  0:  5;      5.00;   3318.06;    205.00;   3113.06;    true
      0.00	INFO	      207;      2;    0:  0:  0:  5;      5.00;   3318.06;    205.00;   3113.06;    true
      0.00	INFO	      208;      2;    0:  0:  0:  5;      5.00;   3318.06;    205.00;   3113.06;    true
      0.00	INFO	      209;      2;    0:  0:  0:  5;      5.00;   3318.06;    205.00;   3113.06;    true
      0.00	INFO	      210;      2;    0:  0:  0:  5;      5.00;   3318.06;    205.00;   3113.06;    true
      0.00	INFO	      211;      2;    0:  0:  0:  5;      5.00;   3318.06;    205.00;   3113.06;    true
      0.00	INFO	      212;      2;    0:  0:  0:  5;      5.00;   3318.06;    205.00;   3113.06;    true
      0.00	INFO	      213;      2;    0:  0:  0:  5;      5.00;   3318.06;    205.00;   3113.06;    true
      0.00	INFO	      214;      2;    0:  0:  0:  5;      5.00;   3318.06;    205.00;   3113.06;    true
      0.00	INFO	      215;      2;    0:  0:  0:  5;      5.00;   3318.06;    205.00;   3113.06;    true
      0.00	INFO	      216;      2;    0:  0:  0:  5;      5.00;   3318.06;    205.00;   3113.06;    true
      0.00	INFO	      217;      2;    0:  0:  0:  5;      5.00;   3318.06;    205.00;   3113.06;    true
      0.00	INFO	      218;      2;    0:  0:  0:  5;      5.00;   3318.06;    205.00;   3113.06;    true
      0.00	INFO	      219;      2;    0:  0:  0:  5;      5.00;   3318.06;    205.00;   3113.06;    true
      0.00	INFO	      220;      2;    0:  0:  0:  5;      5.00;   3318.06;    205.00;   3113.06;    true
      0.00	INFO	      221;      2;    0:  0:  0:  5;      5.00;   3318.06;    205.00;   3113.06;    true
      0.00	INFO	      222;      2;    0:  0:  0:  5;      5.00;   3318.06;    205.00;   3113.06;    true
      0.00	INFO	      223;      2;    0:  0:  0:  5;      5.00;   3318.06;    205.00;   3113.06;    true
      0.00	INFO	      224;      2;    0:  0:  0:  5;      5.00;   3318.06;    205.00;   3113.06;    true
      0.00	INFO	      225;      2;    0:  0:  0:  5;      5.00;   3318.06;    205.00;   3113.06;    true
      0.00	INFO	      226;      2;    0:  0:  0:  5;      5.00;   3318.06;    205.00;   3113.06;    true
      0.00	INFO	      227;      2;    0:  0:  0:  5;      5.00;   3318.06;    205.00;   3113.06;    true
      0.00	INFO	      228;      2;    0:  0:  0:  5;      5.00;   3318.06;    205.00;   3113.06;    true
      0.00	INFO	      229;      2;    0:  0:  0:  5;      5.00;   3318.06;    205.00;   3113.06;    true
      0.00	INFO	      230;      2;    0:  0:  0:  5;      5.00;   3318.06;    205.00;   3113.06;    true
      0.00	INFO	      231;      2;    0:  0:  0:  5;      5.00;   3318.06;    205.00;   3113.06;    true
      0.00	INFO	      232;      2;    0:  0:  0:  5;      5.00;   3318.06;    205.00;   3113.06;    true
      0.00	INFO	      233;      2;    0:  0:  0:  5;      5.00;   3318.06;    205.00;   3113.06;    true
      0.00	INFO	      234;      2;    0:  0:  0:  5;      5.00;   3318.06;    205.00;   3113.06;    true
      0.00	INFO	      235;      2;    0:  0:  0:  5;      5.00;   3318.06;    205.00;   3113.06;    true
      0.00	INFO	      236;      2;    0:  0:  0:  5;      5.00;   3318.06;    205.00;   3113.06;    true
      0.00	INFO	      237;      2;    0:  0:  0:  5;      5.00;   3318.06;    205.00;   3113.06;    true
      0.00	INFO	      238;      2;    0:  0:  0:  5;      5.00;   3318.06;    205.00;   3113.06;    true
      0.00	INFO	      239;      2;    0:  0:  0:  5;      5.00;   3318.06;    205.00;   3113.06;    true
      0.00	INFO	      240;      2;    0:  0:  0:  5;      5.00;   3318.06;    205.00;   3113.06;    true
      0.00	INFO	      241;      2;    0:  0:  0:  5;      5.00;   3318.06;    205.00;   3113.06;    true
      0.00	INFO	      242;      2;    0:  0:  0:  5;      5.00;   3318.06;    205.00;   3113.06;    true
      0.00	INFO	      243;      2;    0:  0:  0:  5;      5.00;   3318.06;    205.00;   3113.06;    true
      0.00	INFO	      244;      2;    0:  0:  0:  5;      5.00;   3318.06;    205.00;   3113.06;    true
      0.00	INFO	      245;      2;    0:  0:  0:  5;      5.00;   3318.06;    205.00;   3113.06;    true
      0.00	INFO	      246;      2;    0:  0:  0:  5;      5.00;   3318.06;    205.00;   3113.06;    true
      0.00	INFO	      247;      2;    0:  0:  0:  5;      5.00;   3318.06;    205.00;   3113.06;    true
      0.00	INFO	      248;      2;    0:  0:  0:  5;      5.00;   3318.06;    205.00;   3113.06;    true
      0.00	INFO	      249;      2;    0:  0:  0:  5;      5.00;   3318.06;    205.00;   3113.06;    true
      0.00	INFO	      250;      2;    0:  0:  0:  5;      5.00;   3318.06;    205.00;   3113.06;    true
      0.00	INFO	      251;      2;    0:  0:  0:  5;      5.00;   3318.06;    205.00;   3113.06;    true
      0.00	INFO	      252;      2;    0:  0:  0:  5;      5.00;   3318.06;    205.00;   3113.06;    true
      0.00	INFO	      253;      2;    0:  0:  0:  5;      5.00;   3318.06;    205.00;   3113.06;    true
      0.00	INFO	      254;      2;    0:  0:  0:  5;      5.00;   3318.06;    205.00;   3113.06;    true
      0.00	INFO	      255;      2;    0:  0:  0:  5;      5.00;   3318.06;    205.00;   3113.06;    true
      0.00	INFO	      256;      2;    0:  0:  0:  5;      5.00;   3318.06;    205.00;   3113.06;    true
      0.00	INFO	      257;      2;    0:  0:  0:  5;      5.00;   3318.06;    205.00;   3113.06;    true
      0.00	INFO	      258;      2;    0:  0:  0:  5;      5.00;   3318.06;    205.00;   3113.06;    true
      0.00	INFO	      259;      2;    0:  0:  0:  5;      5.00;   3318.06;    205.00;   3113.06;    true
      0.00	INFO	      260;      2;    0:  0:  0:  5;      5.00;   3318.06;    205.00;   3113.06;    true
      0.00	INFO	      261;      2;    0:  0:  0:  5;      5.00;   3318.06;    205.00;   3113.06;    true
      0.00	INFO	      262;      2;    0:  0:  0:  5;      5.00;   3318.06;    205.00;   3113.06;    true
      0.00	INFO	      263;      2;    0:  0:  0:  5;      5.00;   3318.06;    205.00;   3113.06;    true
      0.00	INFO	      264;      2;    0:  0:  0:  5;      5.00;   3318.06;    205.00;   3113.06;    true
      0.00	INFO	      265;      2;    0:  0:  0:  5;      5.00;   3318.06;    205.00;   3113.06;    true
      0.00	INFO	      266;      2;    0:  0:  0:  5;      5.00;   3318.06;    205.00;   3113.06;    true
      0.00	INFO	      267;      2;    0:  0:  0:  5;      5.00;   3318.06;    205.00;   3113.06;    true
      0.00	INFO	      268;      2;    0:  0:  0:  5;      5.00;   3318.06;    205.00;   3113.06;    true
      0.00	INFO	      269;      2;    0:  0:  0:  5;      5.00;   3318.06;    205.00;   3113.06;    true
      0.00	INFO	      270;      2;    0:  0:  0:  5;      5.00;   3318.06;    205.00;   3113.06;    true
      0.00	INFO	      271;      2;    0:  0:  0:  5;      5.00;   3318.06;    205.00;   3113.06;    true
      0.00	INFO	      272;      2;    0:  0:  0:  5;      5.00;   3318.06;    205.00;   3113.06;    true
      0.00	INFO	      273;      2;    0:  0:  0:  5;      5.00;   3318.06;    205.00;   3113.06;    true
      0.00	INFO	      274;      2;    0:  0:  0:  5;      5.00;   3318.06;    205.00;   3113.06;    true
      0.00	INFO	      275;      2;    0:  0:  0:  5;      5.00;   3318.06;    205.00;   3113.06;    true
      0.00	INFO	      276;      2;    0:  0:  0:  5;      5.00;   3318.06;    205.00;   3113.06;    true
      0.00	INFO	      277;      2;    0:  0:  0:  5;      5.00;   3318.06;    205.00;   3113.06;    true
      0.00	INFO	      278;      2;    0:  0:  0:  5;      5.00;   3318.06;    205.00;   3113.06;    true
      0.00	INFO	      279;      2;    0:  0:  0:  5;      5.00;   3318.06;    205.00;   3113.06;    true
      0.00	INFO	      280;      2;    0:  0:  0:  5;      5.00;   3318.06;    205.00;   3113.06;    true
      0.00	INFO	      281;      2;    0:  0:  0:  5;      5.00;   3318.06;    205.00;   3113.06;    true
      0.00	INFO	      282;      2;    0:  0:  0:  5;      5.00;   3318.06;    205.00;   3113.06;    true
      0.00	INFO	      283;      2;    0:  0:  0:  5;      5.00;   3318.06;    205.00;   3113.06;    true
      0.00	INFO	      284;      2;    0:  0:  0:  5;      5.00;   3318.06;    205.00;   3113.06;    true
      0.00	INFO	      285;      2;    0:  0:  0:  5;      5.00;   3318.06;    205.00;   3113.06;    true
      0.00	INFO	      286;      2;    0:  0:  0:  5;      5.00;   3318.06;    205.00;   3113.06;    true
      0.00	INFO	      287;      2;    0:  0:  0:  5;      5.00;   3318.06;    205.00;   3113.06;    true
      0.00	INFO	      288;      2;    0:  0:  0:  5;      5.00;   3318.06;    205.00;   3113.06;    true
      0.00	INFO	      289;      2;    0:  0:  0:  5;      5.00;   3318.06;    205.00;   3113.06;    true
      0.00	INFO	      290;      2;    0:  0:  0:  5;      5.00;   3318.06;    205.00;   3113.06;    true
      0.00	INFO	      291;      2;    0:  0:  0:  5;      5.00;   3318.06;    205.00;   3113.06;    true
      0.00	INFO	      292;      2;    0:  0:  0:  5;      5.00;   3318.06;    205.00;   3113.06;    true
      0.00	INFO	      293;      2;    0:  0:  0:  5;      5.00;   3318.06;    205.00;   3113.06;    true
      0.00	INFO	      294;      2;    0:  0:  0:  5;      5.00;   3318.06;    205.00;   3113.06;    true
      0.00	INFO	      295;      2;    0:  0:  0:  5;      5.00;   3318.06;    205.00;   3113.06;    true
      0.00	INFO	      296;      2;    0:  0:  0:  5;      5.00;   3318.06;    205.00;   3113.06;    true
      0.00	INFO	      297;      2;    0:  0:  0:  5;      5.00;   3318.06;    205.00;   3113.06;    true
      0.00	INFO	      298;      2;    0:  0:  0:  5;      5.00;   3318.06;    205.00;   3113.06;    true
      0.00	INFO	      299;      2;    0:  0:  0:  5;      5.00;   3318.06;    205.00;   3113.06;    true
      0.00	INFO	      300;      2;    0:  0:  0:  5;      5.00;   3318.06;    205.00;   3113.06;    true
      0.00	INFO	      301;      2;    0:  0:  0:  5;      5.00;   3318.06;    205.00;   3113.06;    true
      0.00	INFO	      302;      2;    0:  0:  0:  5;      5.00;   3318.06;    205.00;   3113.06;    true
      0.00	INFO	      303;      2;    0:  0:  0:  5;      5.00;   3318.06;    205.00;   3113.06;    true
      0.00	INFO	      304;      2;    0:  0:  0:  5;      5.00;   3318.06;    205.00;   3113.06;    true
      0.00	INFO	      305;      2;    0:  0:  0:  5;      5.00;   3318.06;    205.00;   3113.06;    true
      0.00	INFO	      306;      2;    0:  0:  0:  5;      5.00;   3318.06;    205.00;   3113.06;    true
      0.00	INFO	      307;      2;    0:  0:  0:  5;      5.00;   3318.06;    205.00;   3113.06;    true
      0.00	INFO	      308;      2;    0:  0:  0:  5;      5.00;   3318.06;    205.00;   3113.06;    true
      0.00	INFO	      309;      2;    0:  0:  0:  5;      5.00;   3318.06;    205.00;   3113.06;    true
      0.00	INFO	      310;      2;    0:  0:  0:  5;      5.00;   3318.06;    205.00;   3113.06;    true
      0.00	INFO	      311;      2;    0:  0:  0:  5;      5.00;   3318.06;    205.00;   3113.06;    true
      0.00	INFO	      312;      2;    0:  0:  0:  5;      5.00;   3318.06;    205.00;   3113.06;    true
      0.00	INFO	      313;      2;    0:  0:  0:  5;      5.00;   3318.06;    205.00;   3113.06;    true
      0.00	INFO	      314;      2;    0:  0:  0:  5;      5.00;   3318.06;    205.00;   3113.06;    true
      0.00	INFO	      315;      2;    0:  0:  0:  5;      5.00;   3318.06;    205.00;   3113.06;    true
      0.00	INFO	      316;      2;    0:  0:  0:  5;      5.00;   3318.06;    205.00;   3113.06;    true
      0.00	INFO	      317;      2;    0:  0:  0:  5;      5.00;   3318.06;    205.00;   3113.06;    true
      0.00	INFO	      318;      2;    0:  0:  0:  5;      5.00;   3318.06;    205.00;   3113.06;    true
      0.00	INFO	      319;      2;    0:  0:  0:  5;      5.00;   3318.06;    205.00;   3113.06;    true
      0.00	INFO	      320;      2;    0:  0:  0:  5;      5.00;   3318.06;    205.00;   3113.06;    true
      0.00	INFO	      321;      2;    0:  0:  0:  5;      5.00;   3318.06;    205.00;   3113.06;    true
      0.00	INFO	      322;      2;    0:  0:  0:  5;      5.00;   3318.06;    205.00;   3113.06;    true
      0.00	INFO	      323;      2;    0:  0:  0:  5;      5.00;   3318.06;    205.00;   3113.06;    true
      0.00	INFO	      324;      2;    0:  0:  0:  5;      5.00;   3318.06;    205.00;   3113.06;    true
      0.00	INFO	      325;      2;    0:  0:  0:  5;      5.00;   3318.06;    205.00;   3113.06;    true
      0.00	INFO	      326;      2;    0:  0:  0:  5;      5.00;   3318.06;    205.00;   3113.06;    true
      0.00	INFO	      327;      2;    0:  0:  0:  5;      5.00;   3318.06;    205.00;   3113.06;    true
      0.00	INFO	      328;      2;    0:  0:  0:  5;      5.00;   3318.06;    205.00;   3113.06;    true
      0.00	INFO	      329;      2;    0:  0:  0:  5;      5.00;   3318.06;    205.00;   3113.06;    true
      0.00	INFO	      330;      2;    0:  0:  0:  5;      5.00;   3318.06;    205.00;   3113.06;    true
      0.00	INFO	      331;      2;    0:  0:  0:  5;      5.00;   3318.06;    205.00;   3113.06;    true
      0.00	INFO	      332;      2;    0:  0:  0:  5;      5.00;   3318.06;    205.00;   3113.06;    true
      0.00	INFO	      333;      2;    0:  0:  0:  5;      5.00;   3318.06;    205.00;   3113.06;    true
      0.00	INFO	      334;      2;    0:  0:  0:  5;      5.00;   3318.06;    205.00;   3113.06;    true
      0.00	INFO	      335;      2;    0:  0:  0:  5;      5.00;   3318.06;    205.00;   3113.06;    true
      0.00	INFO	      336;      2;    0:  0:  0:  5;      5.00;   3318.06;    205.00;   3113.06;    true
      0.00	INFO	      337;      2;    0:  0:  0:  5;      5.00;   3318.06;    205.00;   3113.06;    true
      0.00	INFO	      338;      2;    0:  0:  0:  5;      5.00;   3318.06;    205.00;   3113.06;    true
      0.00	INFO	      339;      2;    0:  0:  0:  5;      5.00;   3318.06;    205.00;   3113.06;    true
      0.00	INFO	      340;      2;    0:  0:  0:  5;      5.00;   3318.06;    205.00;   3113.06;    true
      0.00	INFO	      341;      2;    0:  0:  0:  5;      5.00;   3318.06;    205.00;   3113.06;    true
      0.00	INFO	      342;      2;    0:  0:  0:  5;      5.00;   3318.06;    205.00;   3113.06;    true
      0.00	INFO	      343;      2;    0:  0:  0:  5;      5.00;   3318.06;    205.00;   3113.06;    true
      0.00	INFO	      344;      2;    0:  0:  0:  5;      5.00;   3318.06;    205.00;   3113.06;    true
      0.00	INFO	      345;      2;    0:  0:  0:  5;      5.00;   3318.06;    205.00;   3113.06;    true
      0.00	INFO	      346;      2;    0:  0:  0:  5;      5.00;   3318.06;    205.00;   3113.06;    true
      0.00	INFO	      347;      2;    0:  0:  0:  5;      5.00;   3318.06;    205.00;   3113.06;    true
      0.00	INFO	      348;      2;    0:  0:  0:  5;      5.00;   3318.06;    205.00;   3113.06;    true
      0.00	INFO	      349;      2;    0:  0:  0:  5;      5.00;   3318.06;    205.00;   3113.06;    true
      0.00	INFO	      350;      2;    0:  0:  0:  5;      5.00;   3318.06;    205.00;   3113.06;    true
      0.00	INFO	      351;      2;    0:  0:  0:  5;      5.00;   3318.06;    205.00;   3113.06;    true
      0.00	INFO	      352;      2;    0:  0:  0:  5;      5.00;   3318.06;    205.00;   3113.06;    true
      0.00	INFO	      353;      2;    0:  0:  0:  5;      5.00;   3318.06;    205.00;   3113.06;    true
      0.00	INFO	      354;      2;    0:  0:  0:  5;      5.00;   3318.06;    205.00;   3113.06;    true
      0.00	INFO	      355;      2;    0:  0:  0:  5;      5.00;   3318.06;    205.00;   3113.06;    true
      0.00	INFO	      356;      2;    0:  0:  0:  5;      5.00;   3318.06;    205.00;   3113.06;    true
      0.00	INFO	      357;      2;    0:  0:  0:  5;      5.00;   3318.06;    205.00;   3113.06;    true
      0.00	INFO	      358;      2;    0:  0:  0:  5;      5.00;   3318.06;    205.00;   3113.06;    true
      0.00	INFO	      359;      2;    0:  0:  0:  5;      5.00;   3318.06;    205.00;   3113.06;    true
      0.00	INFO	      360;      2;    0:  0:  0:  5;      5.00;   3318.06;    205.00;   3113.06;    true
      0.00	INFO	      361;      2;    0:  0:  0:  5;      5.00;   3318.06;    205.00;   3113.06;    true
      0.00	INFO	      362;      2;    0:  0:  0:  5;      5.00;   3318.06;    205.00;   3113.06;    true
      0.00	INFO	      363;      2;    0:  0:  0:  5;      5.00;   3318.06;    205.00;   3113.06;    true
      0.00	INFO	      364;      2;    0:  0:  0:  5;      5.00;   3318.06;    205.00;   3113.06;    true
      0.00	INFO	      365;      2;    0:  0:  0:  5;      5.00;   3318.06;    205.00;   3113.06;    true
      0.00	INFO	      366;      2;    0:  0:  0:  5;      5.00;   3318.06;    205.00;   3113.06;    true
      0.00	INFO	      367;      2;    0:  0:  0:  5;      5.00;   3318.06;    205.00;   3113.06;    true
      0.00	INFO	      368;      2;    0:  0:  0:  5;      5.00;   3318.06;    205.00;   3113.06;    true
      0.00	INFO	      369;      2;    0:  0:  0:  5;      5.00;   3318.06;    205.00;   3113.06;    true
      0.00	INFO	      370;      2;    0:  0:  0:  5;      5.00;   3318.06;    205.00;   3113.06;    true
      0.00	INFO	      371;      2;    0:  0:  0:  5;      5.00;   3318.06;    205.00;   3113.06;    true
      0.00	INFO	      372;      2;    0:  0:  0:  5;      5.00;   3318.06;    205.00;   3113.06;    true
      0.00	INFO	      373;      2;    0:  0:  0:  5;      5.00;   3318.06;    205.00;   3113.06;    true
      0.00	INFO	      374;      2;    0:  0:  0:  5;      5.00;   3318.06;    205.00;   3113.06;    true
      0.00	INFO	      375;      2;    0:  0:  0:  5;      5.00;   3318.06;    205.00;   3113.06;    true
      0.00	INFO	      376;      2;    0:  0:  0:  5;      5.00;   3318.06;    205.00;   3113.06;    true
      0.00	INFO	      377;      2;    0:  0:  0:  5;      5.00;   3318.06;    205.00;   3113.06;    true
      0.00	INFO	      378;      2;    0:  0:  0:  5;      5.00;   3318.06;    205.00;   3113.06;    true
      0.00	INFO	      379;      2;    0:  0:  0:  5;      5.00;   3318.06;    205.00;   3113.06;    true
      0.00	INFO	      380;      2;    0:  0:  0:  5;      5.00;   3318.06;    205.00;   3113.06;    true
      0.00	INFO	      381;      2;    0:  0:  0:  5;      5.00;   3318.06;    205.00;   3113.06;    true
      0.00	INFO	      382;      2;    0:  0:  0:  5;      5.00;   3318.06;    205.00;   3113.06;    true
      0.00	INFO	      383;      2;    0:  0:  0:  5;      5.00;   3318.06;    205.00;   3113.06;    true
      0.00	INFO	      384;      2;    0:  0:  0:  5;      5.00;   3318.06;    205.00;   3113.06;    true
      0.00	INFO	      385;      2;    0:  0:  0:  5;      5.00;   3318.06;    205.00;   3113.06;    true
      0.00	INFO	      386;      2;    0:  0:  0:  5;      5.00;   3318.06;    205.00;   3113.06;    true
      0.00	INFO	      387;      2;    0:  0:  0:  5;      5.00;   3318.06;    205.00;   3113.06;    true
      0.00	INFO	      388;      2;    0:  0:  0:  5;      5.00;   3318.06;    205.00;   3113.06;    true
      0.00	INFO	      389;      2;    0:  0:  0:  5;      5.00;   3318.06;    205.00;   3113.06;    true
      0.00	INFO	      390;      2;    0:  0:  0:  5;      5.00;   3318.06;    205.00;   3113.06;    true
      0.00	INFO	      391;      2;    0:  0:  0:  5;      5.00;   3318.06;    205.00;   3113.06;    true
      0.00	INFO	      392;      2;    0:  0:  0:  5;      5.00;   3318.06;    205.00;   3113.06;    true
      0.00	INFO	      393;      2;    0:  0:  0:  5;      5.00;   3318.06;    205.00;   3113.06;    true
      0.00	INFO	      394;      2;    0:  0:  0:  5;      5.00;   3318.06;    205.00;   3113.06;    true
      0.00	INFO	      395;      2;    0:  0:  0:  5;      5.00;   3318.06;    205.00;   3113.06;    true
      0.00	INFO	      396;      2;    0:  0:  0:  5;      5.00;   3318.06;    205.00;   3113.06;    true
      0.00	INFO	      397;      2;    0:  0:  0:  5;      5.00;   3318.06;    205.00;   3113.06;    true
      0.00	INFO	      398;      2;    0:  0:  0:  5;      5.00;   3318.06;    205.00;   3113.06;    true
      0.00	INFO	      399;      2;    0:  0:  0:  5;      5.00;   3318.06;    205.00;   3113.06;    true
      0.00	INFO	      400;      2;    0:  0:  0:  5;      5.00;   3318.06;    205.00;   3113.06;    true
      0.00	INFO	      401;      2;    0:  0:  0:  5;      5.00;   3318.06;    205.00;   3113.06;    true
      0.00	INFO	      402;      2;    0:  0:  0:  5;      5.00;   3318.06;    205.00;   3113.06;    true
      0.00	INFO	      403;      2;    0:  0:  0:  5;      5.00;   3318.06;    205.00;   3113.06;    true
      0.00	INFO	      404;      2;    0:  0:  0:  5;      5.00;   3318.06;    205.00;   3113.06;    true
      0.00	INFO	      405;      2;    0:  0:  0:  5;      5.00;   3318.06;    205.00;   3113.06;    true
      0.00	INFO	      406;      2;    0:  0:  0:  5;      5.00;   3318.06;    205.00;   3113.06;    true
      0.00	INFO	      407;      2;    0:  0:  0:  5;      5.00;   3318.06;    205.00;   3113.06;    true
      0.00	INFO	      408;      2;    0:  0:  0:  5;      5.00;   3318.06;    205.00;   3113.06;    true
      0.00	INFO	      409;      2;    0:  0:  0:  5;      5.00;   3318.06;    205.00;   3113.06;    true
      0.00	INFO	      410;      2;    0:  0:  0:  5;      5.00;   3318.06;    205.00;   3113.06;    true
      0.00	INFO	      411;      2;    0:  0:  0:  5;      5.00;   3318.06;    205.00;   3113.06;    true
      0.00	INFO	      412;      2;    0:  0:  0:  5;      5.00;   3318.06;    205.00;   3113.06;    true
      0.00	INFO	      413;      2;    0:  0:  0:  5;      5.00;   3318.06;    205.00;   3113.06;    true
      0.00	INFO	      414;      2;    0:  0:  0:  5;      5.00;   3318.06;    205.00;   3113.06;    true
      0.00	INFO	      415;      2;    0:  0:  0:  5;      5.00;   3318.06;    205.00;   3113.06;    true
      0.00	INFO	      416;      2;    0:  0:  0:  5;      5.00;   3318.06;    205.00;   3113.06;    true
      0.00	INFO	      417;      2;    0:  0:  0:  5;      5.00;   3318.06;    205.00;   3113.06;    true
      0.00	INFO	      418;      2;    0:  0:  0:  5;      5.00;   3318.06;    205.00;   3113.06;    true
      0.00	INFO	      419;      2;    0:  0:  0:  5;      5.00;   3318.06;    205.00;   3113.06;    true
      0.00	INFO	      420;      2;    0:  0:  0:  5;      5.00;   3318.06;    205.00;   3113.06;    true
      0.00	INFO	      421;      2;    0:  0:  0:  5;      5.00;   3318.06;    205.00;   3113.06;    true
      0.00	INFO	      422;      2;    0:  0:  0:  5;      5.00;   3318.06;    205.00;   3113.06;    true
      0.00	INFO	      423;      2;    0:  0:  0:  5;      5.00;   3318.06;    205.00;   3113.06;    true
      0.00	INFO	      424;      2;    0:  0:  0:  5;      5.00;   3318.06;    205.00;   3113.06;    true
      0.00	INFO	      425;      2;    0:  0:  0:  5;      5.00;   3318.06;    205.00;   3113.06;    true
      0.00	INFO	      426;      2;    0:  0:  0:  5;      5.00;   3318.06;    205.00;   3113.06;    true
      0.00	INFO	      427;      2;    0:  0:  0:  5;      5.00;   3318.06;    205.00;   3113.06;    true
      0.00	INFO	      428;      2;    0:  0:  0:  5;      5.00;   3318.06;    205.00;   3113.06;    true
      0.00	INFO	      429;      2;    0:  0:  0:  5;      5.00;   3318.06;    205.00;   3113.06;    true
      0.00	INFO	      430;      2;    0:  0:  0:  5;      5.00;   3318.06;    205.00;   3113.06;    true
      0.00	INFO	      431;      2;    0:  0:  0:  5;      5.00;   3318.06;    205.00;   3113.06;    true
      0.00	INFO	      432;      2;    0:  0:  0:  5;      5.00;   3318.06;    205.00;   3113.06;    true
      0.00	INFO	      433;      2;    0:  0:  0:  5;      5.00;   3318.06;    205.00;   3113.06;    true
      0.00	INFO	      434;      2;    0:  0:  0:  5;      5.00;   3318.06;    205.00;   3113.06;    true
      0.00	INFO	      435;      2;    0:  0:  0:  5;      5.00;   3318.06;    205.00;   3113.06;    true
      0.00	INFO	      436;      2;    0:  0:  0:  5;      5.00;   3318.06;    205.00;   3113.06;    true
      0.00	INFO	      437;      2;    0:  0:  0:  5;      5.00;   3318.06;    205.00;   3113.06;    true
      0.00	INFO	      438;      2;    0:  0:  0:  5;      5.00;   3318.06;    205.00;   3113.06;    true
      0.00	INFO	      439;      2;    0:  0:  0:  5;      5.00;   3318.06;    205.00;   3113.06;    true
      0.00	INFO	      440;      2;    0:  0:  0:  5;      5.00;   3318.06;    205.00;   3113.06;    true
      0.00	INFO	      441;      2;    0:  0:  0:  5;      5.00;   3318.06;    205.00;   3113.06;    true
      0.00	INFO	      442;      2;    0:  0:  0:  5;      5.00;   3318.06;    205.00;   3113.06;    true
      0.00	INFO	      443;      2;    0:  0:  0:  5;      5.00;   3318.06;    205.00;   3113.06;    true
      0.00	INFO	      444;      2;    0:  0:  0:  5;      5.00;   3318.06;    205.00;   3113.06;    true
      0.00	INFO	      445;      2;    0:  0:  0:  5;      5.00;   3318.06;    205.00;   3113.06;    true
      0.00	INFO	      446;      2;    0:  0:  0:  5;      5.00;   3318.06;    205.00;   3113.06;    true
      0.00	INFO	      447;      2;    0:  0:  0:  5;      5.00;   3318.06;    205.00;   3113.06;    true
      0.00	INFO	      448;      2;    0:  0:  0:  5;      5.00;   3318.06;    205.00;   3113.06;    true
      0.00	INFO	      449;      2;    0:  0:  0:  5;      5.00;   3318.06;    205.00;   3113.06;    true
      0.00	INFO	      450;      2;    0:  0:  0:  5;      5.00;   3318.06;    205.00;   3113.06;    true
      0.00	INFO	      451;      2;    0:  0:  0:  5;      5.00;   3318.06;    205.00;   3113.06;    true
      0.00	INFO	      452;      2;    0:  0:  0:  5;      5.00;   3318.06;    205.00;   3113.06;    true
      0.00	INFO	      453;      2;    0:  0:  0:  5;      5.00;   3318.06;    205.00;   3113.06;    true
      0.00	INFO	      454;      2;    0:  0:  0:  5;      5.00;   3318.06;    205.00;   3113.06;    true
      0.00	INFO	      455;      2;    0:  0:  0:  5;      5.00;   3318.06;    205.00;   3113.06;    true
      0.00	INFO	      456;      2;    0:  0:  0:  5;      5.00;   3318.06;    205.00;   3113.06;    true
      0.00	INFO	      457;      2;    0:  0:  0:  5;      5.00;   3318.06;    205.00;   3113.06;    true
      0.00	INFO	      458;      2;    0:  0:  0:  5;      5.00;   3318.06;    205.00;   3113.06;    true
      0.00	INFO	      459;      2;    0:  0:  0:  5;      5.00;   3318.06;    205.00;   3113.06;    true
      0.00	INFO	      460;      2;    0:  0:  0:  5;      5.00;   3318.06;    205.00;   3113.06;    true
      0.00	INFO	      461;      2;    0:  0:  0:  5;      5.00;   3318.06;    205.00;   3113.06;    true
      0.00	INFO	      462;      2;    0:  0:  0:  5;      5.00;   3318.06;    205.00;   3113.06;    true
      0.00	INFO	      463;      2;    0:  0:  0:  5;      5.00;   3318.06;    205.00;   3113.06;    true
      0.00	INFO	      464;      2;    0:  0:  0:  5;      5.00;   3318.06;    205.00;   3113.06;    true
      0.00	INFO	      465;      2;    0:  0:  0:  5;      5.00;   3318.06;    205.00;   3113.06;    true
      0.00	INFO	      466;      2;    0:  0:  0:  5;      5.00;   3318.06;    205.00;   3113.06;    true
      0.00	INFO	      467;      2;    0:  0:  0:  5;      5.00;   3318.06;    205.00;   3113.06;    true
      0.00	INFO	      468;      2;    0:  0:  0:  5;      5.00;   3318.06;    205.00;   3113.06;    true
      0.00	INFO	      469;      2;    0:  0:  0:  5;      5.00;   3318.06;    205.00;   3113.06;    true
      0.00	INFO	      470;      2;    0:  0:  0:  5;      5.00;   3318.06;    205.00;   3113.06;    true
      0.00	INFO	      471;      2;    0:  0:  0:  5;      5.00;   3318.06;    205.00;   3113.06;    true
      0.00	INFO	      472;      2;    0:  0:  0:  5;      5.00;   3318.06;    205.00;   3113.06;    true
      0.00	INFO	      473;      2;    0:  0:  0:  5;      5.00;   3318.06;    205.00;   3113.06;    true
      0.00	INFO	      474;      2;    0:  0:  0:  5;      5.00;   3318.06;    205.00;   3113.06;    true
      0.00	INFO	      475;      2;    0:  0:  0:  5;      5.00;   3318.06;    205.00;   3113.06;    true
      0.00	INFO	      476;      2;    0:  0:  0:  5;      5.00;   3318.06;    205.00;   3113.06;    true
      0.00	INFO	      477;      2;    0:  0:  0:  5;      5.00;   3318.06;    205.00;   3113.06;    true
      0.00	INFO	      478;      2;    0:  0:  0:  5;      5.00;   3318.06;    205.00;   3113.06;    true
      0.00	INFO	      479;      2;    0:  0:  0:  5;      5.00;   3318.06;    205.00;   3113.06;    true
      0.00	INFO	      480;      2;    0:  0:  0:  5;      5.00;   3318.06;    205.00;   3113.06;    true
      0.00	INFO	      481;      2;    0:  0:  0:  5;      5.00;   3318.06;    205.00;   3113.06;    true
      0.00	INFO	      482;      2;    0:  0:  0:  5;      5.00;   3318.06;    205.00;   3113.06;    true
      0.00	INFO	      483;      2;    0:  0:  0:  5;      5.00;   3318.06;    205.00;   3113.06;    true
      0.00	INFO	      484;      2;    0:  0:  0:  5;      5.00;   3318.06;    205.00;   3113.06;    true
      0.00	INFO	      485;      2;    0:  0:  0:  5;      5.00;   3318.06;    205.00;   3113.06;    true
      0.00	INFO	      486;      2;    0:  0:  0:  5;      5.00;   3318.06;    205.00;   3113.06;    true
      0.00	INFO	      487;      2;    0:  0:  0:  5;      5.00;   3318.06;    205.00;   3113.06;    true
      0.00	INFO	      488;      2;    0:  0:  0:  5;      5.00;   3318.06;    205.00;   3113.06;    true
      0.00	INFO	      489;      2;    0:  0:  0:  5;      5.00;   3318.06;    205.00;   3113.06;    true
      0.00	INFO	      490;      2;    0:  0:  0:  5;      5.00;   3318.06;    205.00;   3113.06;    true
      0.00	INFO	      491;      2;    0:  0:  0:  5;      5.00;   3318.06;    205.00;   3113.06;    true
      0.00	INFO	      492;      2;    0:  0:  0:  5;      5.00;   3318.06;    205.00;   3113.06;    true
      0.00	INFO	      493;      2;    0:  0:  0:  5;      5.00;   3318.06;    205.00;   3113.06;    true
      0.00	INFO	      494;      2;    0:  0:  0:  5;      5.00;   3318.06;    205.00;   3113.06;    true
      0.00	INFO	      495;      2;    0:  0:  0:  5;      5.00;   3318.06;    205.00;   3113.06;    true
      0.00	INFO	      496;      2;    0:  0:  0:  5;      5.00;   3318.06;    205.00;   3113.06;    true
      0.00	INFO	      497;      2;    0:  0:  0:  5;      5.00;   3318.06;    205.00;   3113.06;    true
      0.00	INFO	      498;      2;    0:  0:  0:  5;      5.00;   3318.06;    205.00;   3113.06;    true
      0.00	INFO	      499;      2;    0:  0:  0:  5;      5.00;   3318.06;    205.00;   3113.06;    true
      0.00	INFO	      500;      2;    0:  0:  0:  5;      5.00;   3318.06;    205.00;   3113.06;    true
      0.00	INFO	      501;      2;    0:  0:  0:  5;      5.00;   3318.06;    205.00;   3113.06;    true
      0.00	INFO	      502;      2;    0:  0:  0:  5;      5.00;   3318.06;    205.00;   3113.06;    true
